id,checkins,name,latitude,longitude,hasMenu,rating
1,5951,Chez Zee,30.336721,-97.75790213,TRUE,8.3
2,4169,Fonda San Miguel,30.32543422,-97.74366617,TRUE,9.1
3,361,Azul Tequila,30.34266483,-97.76382902,TRUE,8.2
4,12978,Kerbey Lane Café,30.30794822,-97.75047898,TRUE,9.2
5,1636,Russell's Bakery,30.3328426,-97.76021004,TRUE,7.6
6,788,CraigO's Pizza & Pastaria,30.33618308,-97.75759426,TRUE,7.8
7,4063,The Peached Tortilla,30.33078427,-97.74011864,TRUE,9.1
8,2413,Olive & June,30.30722483,-97.75116374,TRUE,8.7
9,2648,Upper Crust Bakery,30.31578004,-97.74160087,TRUE,9.1
10,10672,Pinthouse Pizza,30.31864437,-97.7391479,TRUE,9.3
11,11120,Torchy's Tacos,30.3233778,-97.7392263,TRUE,9
12,150,Sonora Hot Dogs,30.32105159,-97.73979506,TRUE,8.9
13,223,Tiny Pies,30.32241514,-97.73933172,TRUE,8.9
14,929,Chi'lantro,30.32468304,-97.73992237,TRUE,8.7
15,1477,Sarah's Mediterranean Grill & Market,30.32456013,-97.73999155,TRUE,8.7
16,10971,Uchiko,30.31077502,-97.73986402,TRUE,9.4
17,2070,Noble Sandwich Company,30.31905075,-97.73907363,TRUE,8.7
18,13624,Tacodeli,30.31045832,-97.7400291,TRUE,9.1
19,496,Phoenicia,30.317922,-97.73970562,TRUE,8.5
20,546,Three Little Pigs,30.34021492,-97.73888797,TRUE,8.9
21,1128,La Cocina de Consuelo,30.3160724,-97.74137585,TRUE,8.3
22,528,Sap's Fine Thai Cuisine,30.33342426,-97.74069154,TRUE,8.2
23,1018,Jack Allens on Capital of TX,30.3353112,-97.80736033,TRUE,9
24,1339,Thundercloud Subs,30.32851668,-97.73958818,TRUE,8.2
25,1839,Epicerie,30.324597,-97.743688,TRUE,7.9
26,723,Food! Food!,30.30392067,-97.76408373,TRUE,7.9
27,207,Bufalina Due,30.341134,-97.738326,TRUE,8.6
28,11166,P. Terry's Burger Stand,30.30176069,-97.74494827,TRUE,8.9
29,644,Hao Q Asian Kitchen,30.35621072,-97.7585175,TRUE,8.6
30,2026,Russell's Bistro,30.308295,-97.75021044,TRUE,8
31,1639,Eureka!,30.26776862,-97.7413281,TRUE,8.9
32,12808,Parkside,30.2673288,-97.740299,TRUE,8.8
33,3891,The Backspace,30.26707331,-97.74050057,TRUE,8.8
34,2366,Slake Cafe & Bar,30.26874934,-97.74124853,TRUE,8.8
35,3354,Voodoo Doughnut Austin V,30.26755112,-97.74086129,TRUE,8.8
36,7826,Roaring Fork,30.26918172,-97.74214268,TRUE,8.8
37,1069,P. Terry's Burger Stand,30.26796017,-97.74251637,TRUE,8.7
38,4936,1886 Café & Bakery,30.26770376,-97.74184227,TRUE,8.7
39,7296,Eddie V's Prime Seafood,30.26620261,-97.74059772,TRUE,9.2
40,6869,Perry's Steakhouse,30.26931339,-97.74374179,TRUE,9
41,1601,The Best Wurst,30.26797011,-97.7414395,TRUE,8.2
42,370,Gino's East of Chicago,30.26757451,-97.74084007,TRUE,8.2
43,3032,Russian House,30.2662582,-97.74029732,TRUE,8.6
44,2352,Athenian Bar & Grill,30.26843575,-97.7437471,TRUE,8.2
45,29857,Frank Restaurant,30.26659647,-97.74459589,TRUE,9.1
46,6563,Swift's Attic,30.26569822,-97.74339698,TRUE,8.8
47,421,Lonesome Dove Western Bistro,30.26730078,-97.74432003,TRUE,8.5
48,4462,Searsucker,30.2671931,-97.74443143,TRUE,8.4
49,1895,La Traviata,30.26583457,-97.74366752,TRUE,8.7
50,1200,Italic,30.26838049,-97.74400704,TRUE,8.1
51,26800,"Iron Cactus Mexican Restaurant, Grill and Margarita Bar",30.2674662,-97.7393932,TRUE,8
52,3557,Truluck's Seafood Steak & Crab,30.266726,-97.74492681,TRUE,8.9
53,1030,Llama's Peruvian Creole,30.26781809,-97.73899406,TRUE,8
54,5567,Turf N' Surf Poboys,30.26716631,-97.74570465,TRUE,9.1
55,5561,Chipotle Mexican Grill,30.26997628,-97.74187312,TRUE,7.8
56,10010,BD Riley's Irish Pub,30.2677385,-97.74110466,TRUE,7.8
57,132,Kababalicious,30.2678738,-97.73827265,TRUE,8.1
58,467,Leaf,30.26831174,-97.74399112,TRUE,7.9
59,1894,Cooper's Old Time Pit Bar-B-Que,30.26502425,-97.74391686,TRUE,8.8
60,17755,Fadó Irish Pub & Restaurant,30.266904,-97.745466,TRUE,8.6
61,533,Casa Colombia,30.26083699,-97.71468753,TRUE,8.8
62,2745,Joe's Bakery & Coffee Shop,30.261156,-97.71667121,TRUE,8.4
63,407,Saigon Le Vendeur,30.26111122,-97.71500569,TRUE,8.3
64,347,hay elotes,30.26147662,-97.7164793,TRUE,8.1
65,1180,Counter Cafe,30.2616618,-97.72179352,TRUE,8.7
66,349,Nubian Queen Lola Cajun,30.269629,-97.719186,TRUE,8.5
67,14600,Juan in a Million,30.25529618,-97.719077,TRUE,9
68,5095,East Side King,30.26263144,-97.7252036,TRUE,9.1
69,2987,Pueblo Viejo,30.26315683,-97.72588245,TRUE,9.4
70,509,Rockstar Bagels,30.26987319,-97.71904649,TRUE,8.4
71,2113,Micklethwait Craft Meats,30.26836226,-97.72533618,TRUE,9.3
72,4749,La Barbecue Cuisine Texicana,30.257159,-97.72390955,TRUE,9.3
73,2573,Eastside Pies,30.268839,-97.72416603,TRUE,8.6
74,2268,Veracruz All Natural,30.25770641,-97.72564379,TRUE,9.5
75,1772,Counter Culture,30.25456329,-97.71785259,TRUE,8.6
76,2523,Tamale House East,30.26159119,-97.7244558,TRUE,8.5
77,788,Capital City Bakery,30.25545297,-97.71986961,TRUE,8.5
78,812,El Chilito,30.26314284,-97.72436565,TRUE,8.4
79,434,Kerlin BBQ,30.25790237,-97.72564379,TRUE,9
80,411,Mongers Market + Kitchen,30.25459958,-97.71766241,TRUE,8.4
81,827,East Side King Thai-kun,30.26205889,-97.72264205,TRUE,8.1
82,374,Paperboy,30.26858653,-97.72751066,TRUE,9.1
83,925,Flyrite Chicken,30.26137166,-97.71845255,TRUE,7.7
84,5738,Hillside Farmacy,30.268254,-97.72687422,TRUE,8.7
85,12918,Takoba,30.26416617,-97.72738867,TRUE,8.6
86,6755,Kebabalicious,30.26462118,-97.72820014,TRUE,8.7
87,8120,Blue Dahlia Bistro,30.268749,-97.728744,TRUE,9.1
88,1796,Bufalina,30.25843393,-97.7288525,TRUE,9.3
89,821,Veracruz All Natural,30.26442131,-97.72793495,TRUE,8.5
90,100,Kemuri Tatsu-ya,30.253865,-97.712901,TRUE,8.2
91,943,Jeffrey's,30.28042859,-97.75914361,TRUE,9.3
92,1332,Josephine House,30.28068755,-97.75903749,TRUE,9.2
93,5665,Maudie's Cafe,30.28270841,-97.775674,TRUE,8.6
94,12173,Magnolia Cafe,30.27794709,-97.77174354,TRUE,9.2
95,154,The Beer Plant,30.296736,-97.76765,TRUE,7.8
96,6776,Galaxy Cafe,30.279413,-97.760049,TRUE,8.6
97,5865,Zocalo Cafe,30.28001492,-97.75941422,TRUE,8.6
98,1360,Fabi + Rosi,30.279002,-97.772771,TRUE,8.7
99,1475,Thundercloud Subs,30.278076,-97.77217066,TRUE,8.8
100,3377,Freedmen's,30.28840381,-97.7478373,TRUE,9.2
101,362,Lucky's Puccias & Pizzeria,30.2737404,-97.76354778,TRUE,8.9
102,18501,Hula Hut,30.29475988,-97.78441161,TRUE,8.7
103,4712,Sushi Zushi,30.27446041,-97.7645507,TRUE,8.5
104,2665,Clark's Oyster Bar,30.27284792,-97.75713264,TRUE,9.3
105,11333,Pluckers Wing Bar,30.28623456,-97.74523258,TRUE,8.8
106,2640,Fricano's Deli & Catering,30.28811636,-97.74288771,TRUE,9.3
107,3024,Fresa's Chicken al Carbon,30.27458836,-97.75223546,TRUE,8.9
108,652,Cream Whiskers,30.28623113,-97.74578421,TRUE,8.6
109,2540,Austin Land & Cattle,30.27760491,-97.7508242,TRUE,8.5
110,2126,Texas French Bread,30.29618963,-97.74393,TRUE,9
111,1204,Cabo Bob's,30.29577365,-97.74406539,TRUE,8.9
112,294,Tarry House,30.30021,-97.770607,TRUE,7.5
113,10792,Torchy's Tacos,30.29357856,-97.74197528,TRUE,9.2
114,25094,24 Diner,30.27198491,-97.75403194,TRUE,9
115,1342,Lucky's Puccias,30.2716672,-97.75784364,TRUE,8.6
116,2554,Snap Kitchen,30.27192467,-97.75472911,TRUE,8.8
117,71,Toastie's Sub Shop,30.28858425,-97.74829885,TRUE,7.9
118,10240,Z'Tejas Mexican Restaurant and Grill,30.2724566,-97.7557666,TRUE,8.5
119,2037,Winflo Osteria,30.27359957,-97.75995014,TRUE,8.1
120,12312,Torchy's Tacos,30.23677527,-97.76275183,TRUE,9.3
121,1407,Winebelly,30.24140979,-97.75900565,TRUE,9.1
122,2601,East Side King,30.24750849,-97.77471862,TRUE,9
123,3429,El Tacorrido,30.24240807,-97.759668,TRUE,8.5
124,812,Snooze,30.25092226,-97.76590386,TRUE,9.5
125,1528,El Primo Taco Truck,30.24645606,-97.76030565,TRUE,8.7
126,13295,Matt's el Rancho,30.24523467,-97.77926176,TRUE,8.8
127,236,Flying Carpet,30.241806,-97.758293,TRUE,8.6
128,557,G's Dynamite Deli,30.2425,-97.75921,TRUE,8.4
129,1820,Chipotle Mexican Grill,30.24755267,-97.77548818,TRUE,8.4
130,9162,Chilantro BBQ,30.25143991,-97.7646356,TRUE,9
131,16197,Bouldin Creek Café,30.24646315,-97.75677681,TRUE,9.4
132,5892,Maria's Taco Xpress,30.24582363,-97.77834177,TRUE,8.5
133,3228,Habanero Mexican Cafe,30.24132976,-97.75819914,TRUE,8.3
134,355,PitaLicious,30.24972924,-97.76827063,TRUE,8.3
135,4149,Papalote Taco House,30.24357602,-97.78187314,TRUE,8.9
136,1559,Chi'lantro,30.25215565,-97.76417394,TRUE,9.1
137,3011,Sugar Mama's Bakeshop,30.246179,-97.75643825,TRUE,8.9
138,1617,Mr. Natural,30.24703947,-97.77737229,TRUE,8.3
139,11978,Torchy's Tacos,30.24171118,-97.7842829,TRUE,9.4
140,19290,Kerbey Lane Cafe,30.24208123,-97.78365126,TRUE,9
141,720,Alcomar,30.24677,-97.756351,TRUE,8.8
142,3042,Habana Restaurant & Bar,30.23485327,-97.7572706,TRUE,8.5
143,2480,Thundercloud Subs,30.243642,-97.781893,TRUE,8.5
144,280,Fresa's Chicken Al Carbon,30.247585,-97.75563,TRUE,9.2
145,1342,Lenoir,30.24687561,-97.75581148,TRUE,8.7
146,277,Poke Poke,30.231805,-97.75932,TRUE,8.5
147,12449,Polvos Mexican Restaurant,30.24535095,-97.75742054,TRUE,8.2
148,3697,Ramen Tatsu-ya,30.25393,-97.7632,TRUE,9
149,1867,Barlata,30.25227417,-97.76434905,TRUE,8.5
150,1821,Taco Joint,30.29159323,-97.73501046,TRUE,8.6
151,1855,Sao Paulo's,30.29157079,-97.73510456,TRUE,8.4
152,16191,Kerbey Lane Café,30.29141,-97.741414,TRUE,8.7
153,19236,Trudy's Texas Star,30.295683,-97.740928,TRUE,8.6
154,1819,The Halal Bros,30.292392,-97.741526,TRUE,8.4
155,320,Daito,30.292992,-97.74166,TRUE,8.2
156,4353,Hopfields,30.29854953,-97.74098103,TRUE,9.2
157,672,Via 313,30.29780145,-97.74133341,TRUE,8.7
158,944,"Black's BBQ, The Original",30.2985092,-97.74131219,TRUE,8.7
159,467,Fat Sal's,30.29091702,-97.74144481,TRUE,8.1
160,4285,Madam Mam's,30.289616,-97.741473,TRUE,8.2
161,3330,FoodHeads,30.30073177,-97.74041533,TRUE,9.2
162,2110,Milto's,30.29549197,-97.74250046,TRUE,8.1
163,1768,VertsKebap,30.28989356,-97.7415757,TRUE,8
164,1079,El Patio,30.29667596,-97.74222991,TRUE,8.1
165,731,Wildwood Bakehouse,30.2979905,-97.74162517,TRUE,8.1
166,2810,Thai Kitchen,30.29682,-97.741655,TRUE,7.9
167,153,Don Japanese Food Truck,30.28815969,-97.74393808,TRUE,8.3
168,2569,Dirty Martin's Place,30.29410816,-97.74236253,TRUE,7.7
169,2004,Thundercloud Subs,30.29938406,-97.74056953,TRUE,8.1
170,68,Greek Original Gyros,30.29516753,-97.74209729,TRUE,7.6
171,2022,Salvation Pizza,30.300835,-97.740692,TRUE,8.2
172,878,Conans Pizza Central,30.29536896,-97.74329603,TRUE,7.7
173,1942,Tâm Deli and Cafe,30.35151414,-97.70870632,TRUE,8.8
174,9559,Ramen Tatsu-ya,30.36109101,-97.715414,TRUE,9.2
175,2242,Kim Phung,30.34384775,-97.71433755,TRUE,8.6
176,2137,Phó Vân,30.36120976,-97.71545112,TRUE,8.8
177,3780,Din Ho Chinese BBQ,30.361307,-97.715793,TRUE,8.5
178,4731,Little Deli & Pizzeria,30.34266177,-97.72558015,TRUE,9.4
179,1050,Sunflower Restaurant,30.36193013,-97.71552259,TRUE,8.4
180,2680,Tan My Restaurant,30.36377358,-97.71417847,TRUE,8.7
181,4542,Enchiladas y Mas,30.353992,-97.72678156,TRUE,8.3
182,1534,Mi Tradición,30.36338943,-97.71927452,TRUE,8.6
183,671,Chago's Caribbean Cuisine,30.34031764,-97.71705258,TRUE,8.4
184,450,The NATY,30.34921665,-97.71551476,TRUE,7.4
185,2192,Conans Pizza North,30.35756857,-97.73110665,TRUE,8.9
186,4140,Bartlett's,30.3568187,-97.73139306,TRUE,8.8
187,83,DeSano Pizzeria Napoletana,30.358631,-97.730691,TRUE,8.7
188,586,East Side Pies #3,30.353353,-97.72554,TRUE,7.9
189,15157,Hopdoddy Burger Bar,30.357627,-97.73296836,TRUE,9.1
190,4567,Top Notch,30.351149,-97.73353181,TRUE,8.8
191,1448,Thundercloud Subs,30.35765358,-97.730911,TRUE,8.5
192,747,Shipley Do-Nuts,30.35489738,-97.728713,TRUE,8.1
193,1286,Tous les Jours,30.33615328,-97.72049424,TRUE,8.8
194,2096,Tacodeli,30.3486475,-97.73508472,TRUE,9.2
195,2099,Hanabi,30.35480515,-97.73295879,TRUE,8.5
196,88,NG BÁNH MÌ TH<U+1ECA>T,30.36144111,-97.71552536,TRUE,7.7
197,1075,Taco More,30.36802629,-97.70643699,TRUE,8.9
198,2322,VertsKebap,30.35796428,-97.7329302,TRUE,8.6
199,1160,El Nuevo Mexico,30.348055,-97.714593,TRUE,7.3
200,565,Misung 888,30.348246,-97.71494194,TRUE,7.3
201,556,Taqueria Los Jalicienses,30.33596838,-97.71755219,TRUE,8.4
202,109,The Factory Cafe,30.354726,-97.732943,TRUE,8.3
203,1191,Teji's Indian Restaurant,30.28405738,-97.74203002,TRUE,8.3
204,7852,Clay Pit Contemporary Indian Cuisine,30.27891299,-97.74255881,TRUE,8.9
205,699,Chick-fil-A,30.28479061,-97.73710225,TRUE,7.4
206,279,Chick-fil-A,30.28610258,-97.74126445,TRUE,7.7
207,2136,Chick-fil-A Martin Luther King Drive-Thru Only,30.281719,-97.743155,TRUE,8.1
208,2454,Austin's Pizza,30.28691132,-97.74178962,TRUE,7.8
209,2434,Raising Cane's Chicken Fingers,30.28163368,-97.74241028,TRUE,8
210,6793,Texas Chili Parlor,30.2769953,-97.742055,TRUE,8.9
211,1387,The Carillon,30.2819899,-97.73998072,TRUE,7.7
212,782,Sushi Junai,30.2790053,-97.74159865,TRUE,8.1
213,442,West Campus Food Trucks,30.28615802,-97.74219808,TRUE,7.7
214,1436,Aster's Ethiopian Restaurant,30.287304,-97.72503055,TRUE,8.3
215,396,Snarf's Sandwiches,30.28837545,-97.72864376,TRUE,7.7
216,537,Chi'lantro Korean + Mexican Fusion,30.28794946,-97.74438369,TRUE,8
217,5973,Salty Sow,30.28381845,-97.72131623,TRUE,9.4
218,2170,Potbelly Sandwich Shop,30.286865,-97.74179468,TRUE,7.6
219,749,Daichi Sushi & Grill,30.476309,-97.840994,TRUE,8.2
220,152,Local slice,30.47891997,-97.83294699,TRUE,8.6
221,8824,Torchy's Tacos,30.452982,-97.82777,TRUE,9.2
222,994,Dunkin Donuts/Baskin Robbins,30.48070271,-97.82977604,TRUE,8.3
223,4792,Noble Sandwich Co.,30.46155058,-97.81525096,TRUE,9.3
224,153,Almarah Mediterranean Cuisine,30.46129988,-97.81702992,TRUE,8.9
225,815,Umiya,30.47873075,-97.83295231,TRUE,8
226,223,MOD Pizza,30.45279029,-97.82659461,TRUE,8.5
227,950,VertsKebap,30.45300645,-97.82757957,TRUE,8.3
228,1148,Saccones Pizza and Subs,30.45354651,-97.82849601,TRUE,8.1
229,1059,Firehouse Subs,30.47912114,-97.83261437,TRUE,7.7
230,962,Nagoya Steak and Sushi,30.457376,-97.82416747,TRUE,7.9
231,2083,Taqueria Guadalajara,30.46237896,-97.81562799,TRUE,8.1
232,1332,Freda's Seafood Grille,30.46398907,-97.80385494,TRUE,8.9
233,1204,Smokey Mo's BBQ,30.47923803,-97.83311165,TRUE,7.6
234,1329,Soto Japanese Cuisine,30.47001693,-97.80102616,TRUE,8.8
235,968,Stuffed Cajun Meat Market,30.462454,-97.815841,TRUE,7.9
236,343,Blaze Pizza,30.47565495,-97.79894498,TRUE,8.9
237,11129,Pluckers Wing Bar,30.4684038,-97.803631,TRUE,8.3
238,3594,Chipotle Mexican Grill,30.47834044,-97.80055046,TRUE,8.5
239,588,SUBWAY,30.481561,-97.834029,TRUE,7.4
240,1095,Thundercloud Subs,30.46145656,-97.79564814,TRUE,8.7
241,301,Jenna's  Asian Kitchen,30.46312182,-97.81482083,TRUE,7.7
242,3739,Chick-fil-A FM 620 North & Hwy 183,30.46936346,-97.79132888,TRUE,8.9
243,1894,Maggiore's,30.48189097,-97.83050537,TRUE,7.3
244,1761,Jardin Corona,30.50431918,-97.81825304,TRUE,8.4
245,875,Foxhole Culinary Tavern,30.47445187,-97.79830259,TRUE,8.2
246,649,Jersey Mike's Subs,30.45290448,-97.82647245,TRUE,7.4
247,433,Nathalie's Donuts,30.481219,-97.834184,TRUE,7.2
248,293,Papa Murphy's,30.46167602,-97.81626523,TRUE,7.5
249,2486,Southside Market & BBQ,30.34994098,-97.38591208,TRUE,8.2
250,385,Morelia's Mexican Grill,30.33758367,-97.36972332,TRUE,7.8
251,73,Aviator Pizza,30.3530124,-97.41208875,TRUE,7.1
252,558,Good Luck Grill,30.37394509,-97.52833893,TRUE,8.1
253,157,Jalisco Mexican restauraunt,30.33729604,-97.37334197,TRUE,7.5
254,50,Schlotzsky's,30.34959455,-97.38429187,TRUE,7.2
255,1274,Cafe 290,30.3484354,-97.55840063,TRUE,7.6
256,1478,Meyer's Elgin Smokehouse,30.33702718,-97.37023938,TRUE,6.9
257,5,SONIC Drive In,30.34853811,-97.38495684,TRUE,6.7
258,42,Little Caesars Pizza,30.34767687,-97.38486707,TRUE,6.4
259,516,Ramos Restaurant,30.34079094,-97.5570406,TRUE,6.9
260,40,Pizza Hut,30.33648418,-97.37156708,TRUE,6.4
261,147,KFC,30.351387,-97.41540327,TRUE,6.1
262,197,Texas Traditional BBQ,30.34846338,-97.55690304,TRUE,6.8
263,59,Taco Bell,30.34722557,-97.3836533,TRUE,6.2
264,18,Panda Express,30.348333,-97.541405,TRUE,6.5
265,155,SUBWAY,30.33707151,-97.37288625,TRUE,6.2
266,529,Sonic Drive-In #1984,30.3489994,-97.38522071,TRUE,6.1
267,49,Domino's Pizza,30.34829494,-97.55553308,TRUE,6.4
268,1047,SONIC Drive In,30.34835217,-97.55532113,TRUE,6.2
269,895,McDonald's,30.33745,-97.37249588,TRUE,5.8
270,378,SUBWAY,30.34830578,-97.55582035,TRUE,6.2
271,21,Sugar Girls,30.35204165,-97.41226826,TRUE,8.1
272,4,Little Caesar's Pizza,30.36719437,-97.42584885,TRUE,8.7
273,0,Pizza Hut,30.352235,-97.398439,TRUE,8.4
274,26,"Jalisco Mexican Restaurant, Elgin",30.33771542,-97.37366912,TRUE,8.4
275,0,Park Place Foods,30.3503594,-97.500993,TRUE,8
276,17,Lee Gardens,30.34743391,-97.38478268,TRUE,7.9
277,126,koy chinese And Sushi,30.34757128,-97.38443964,TRUE,7.9
278,10,Golden Chick,30.346566,-97.38214,TRUE,7.9
279,686,Jersey Mike's Subs,30.46391565,-97.59778533,TRUE,7.3
280,326,Panera Bread,30.46663576,-97.59625085,TRUE,7.2
281,98,In-N-Out Burger,30.464527,-97.597901,TRUE,7.1
282,16,Panera Bread,30.46538315,-97.59684205,TRUE,7.1
283,390,Raising Cane's,30.462214,-97.59871248,TRUE,7
284,684,Russo's New York Pizzeria,30.46919161,-97.59636731,TRUE,7.2
285,3505,Chick-fil-A Pflugerville,30.46592668,-97.59636799,TRUE,6.9
286,2747,Whataburger,30.46539471,-97.59700298,TRUE,6.8
287,153,Chipotle,30.46270428,-97.59822015,TRUE,6.7
288,105,Einstein Bros. Bagels,30.46283205,-97.59826563,TRUE,6.6
289,577,IHOP,30.4671879,-97.59593852,TRUE,6.6
290,434,Yaghi's New York Pizzeria,30.45298831,-97.60445416,TRUE,6.4
291,787,Shogun Japanese Grill,30.46912541,-97.59633555,TRUE,6.3
292,445,Golden Chick,30.53430224,-97.56334217,TRUE,6.2
293,544,Great Wall Express,30.44641386,-97.60791923,TRUE,6.1
294,1522,SONIC Drive In,30.44549192,-97.60781765,TRUE,6
295,1275,Chili's Grill & Bar,30.469674,-97.595399,TRUE,5.8
296,59,Wingstop,30.46930328,-97.59626144,TRUE,9.2
297,1457,McDonald's,30.4515319,-97.6038266,TRUE,8.2
298,14,Domino's Pizza,30.46680812,-97.5962085,TRUE,8.3
299,542,SUBWAY,30.45293964,-97.60413367,TRUE,9
300,131,Cele Store,30.44097872,-97.52310875,TRUE,8.1
301,270,Popeye's Chicken,30.45204648,-97.60374719,TRUE,8
302,1229,Panda Express,30.46550568,-97.59794712,TRUE,8.9
303,783,Taco Bell,30.45474093,-97.60344028,TRUE,7.8
304,1506,Morelia Mexican Grill,30.46968429,-97.59581676,TRUE,8
305,380,El Taquito,30.47619819,-97.57202033,TRUE,9.4
306,0,Coupland Chester Fried Chicken,30.454415,-97.392245,TRUE,8.2
307,89,El Taquito Pflugerville,30.484168,-97.583931,TRUE,8.7
308,1637,Tacodeli,30.290559,-97.826256,TRUE,7.6
309,4431,County Line On the Hill,30.2976478,-97.83584297,TRUE,8.5
310,553,Snap Kitchen,30.29636058,-97.83284076,TRUE,8
311,2400,P. Terry's Burger Stand,30.2910229,-97.82663179,TRUE,8.7
312,766,Kerbey Lane Café,30.29219489,-97.82722132,TRUE,7.9
313,2326,Texas Honey Ham Company,30.280758,-97.80719301,TRUE,8.5
314,2656,Ski Shores Waterfront Cafe,30.33346955,-97.82292283,TRUE,8.5
315,726,Thai Spice,30.3340602,-97.80821519,TRUE,8.5
316,15308,Rudy's Country Store & Bar-B-Q,30.26358944,-97.8155601,TRUE,8
317,2529,360 UNO,30.33667836,-97.80392505,TRUE,8.7
318,1177,Baguette et Chocolat,30.307305,-97.9272606,TRUE,8.8
319,213,MOD Pizza,30.29045674,-97.82638747,TRUE,8.4
320,1058,The Midway Food Park,30.26940241,-97.81610061,TRUE,7.3
321,123,Dock & Roll Diner,30.33810186,-97.80693025,TRUE,8.3
322,1013,Blue Dahlia Bistro,30.27862102,-97.80764705,TRUE,7.6
323,505,Be More Pacific,30.33756533,-97.80467368,TRUE,7.8
324,2221,Thundercloud Subs,30.27315604,-97.800743,TRUE,8.9
325,800,Madam Mam's,30.3070086,-97.93593892,TRUE,8.8
326,274,Jersey Mike's Subs,30.30671195,-97.93584394,TRUE,8.5
327,72,Beirut Authentic Lebanese Cuisine,30.26934116,-97.81712551,TRUE,8.7
328,885,Cafe Blue,30.30979948,-97.94267343,TRUE,8
329,3304,Steiner Ranch Steakhouse,30.39034959,-97.87172556,TRUE,8
330,1308,Cho Sushi,30.38191821,-97.88464308,TRUE,7.7
331,2037,Hat Creek Burger Company,30.29592478,-97.82707214,TRUE,8.9
332,3448,Maudie's Hill Country,30.30468777,-97.93727875,TRUE,7.9
333,121,Blue Basil,30.33839077,-97.80705768,TRUE,8.9
334,7782,County Line on the Lake,30.35706409,-97.78568029,TRUE,8.4
335,547,Austin's Pizza,30.27973813,-97.80542763,TRUE,8.5
336,1450,Shipley Do-Nuts,30.48870477,-97.77228264,TRUE,8.8
337,1463,The League Kitchen & Tavern,30.49767743,-97.77378456,TRUE,8.7
338,4281,Brooklyn Heights Pizzeria Ristorante,30.49920265,-97.777501,TRUE,8.2
339,555,Thai Lada,30.467672,-97.76157,TRUE,9
340,1299,Hunan Ranch,30.49915199,-97.77739352,TRUE,7.6
341,1977,Mesa Rosa,30.48392507,-97.73463249,TRUE,7.9
342,4856,Z'Tejas Mexican Restaurant and Grill,30.4970252,-97.7759908,TRUE,8.9
343,994,LifeCafe,30.47282065,-97.77412952,TRUE,8
344,192,Central Donut,30.456459,-97.767334,TRUE,8.3
345,1022,VertsKebap,30.44554744,-97.74412955,TRUE,9.3
346,736,Donut Taco Palace of Round Rock,30.49629589,-97.72461491,TRUE,8.7
347,2792,Whataburger,30.46944769,-97.79061557,TRUE,8.5
348,1487,Schlotzsky's,30.46827991,-97.79458523,TRUE,9.1
349,1613,Muang Thai,30.47213459,-97.7971824,TRUE,8.2
350,3554,Panera Bread,30.475116,-97.798604,TRUE,9.2
351,103,Smokey Mo's BBQ,30.49953067,-97.77693177,TRUE,7.8
352,17967,Kerbey Lane Cafe,30.44724236,-97.78712271,TRUE,9.1
353,1787,Mama Fu's Asian House,30.47790451,-97.80037604,TRUE,8.7
354,1327,Fazoli's,30.46879007,-97.79111988,TRUE,9.1
355,1298,Hoody's Subs,30.51070759,-97.6943779,TRUE,9
356,1658,Osaka Mansun,30.448519,-97.792241,TRUE,8.9
357,514,Wild Bubba's Wild Game Grill,30.12058462,-97.634997,TRUE,8.2
358,12122,Salt Lick Bar-B-Que,30.20211368,-97.66746998,TRUE,8.4
359,8129,888 Vietnamese Restaurant,30.22948219,-97.73025513,TRUE,8.5
360,1073,Asiana Indian Cuisine,30.19051643,-97.77243655,TRUE,8.9
361,867,Tucci's Southside Subs,30.19005954,-97.7720523,TRUE,7.7
362,68,Crazy Fruits,30.16054501,-97.77771727,TRUE,8.8
363,17577,Trudy's South Star,30.19706933,-97.76729107,TRUE,9.1
364,502,Belladonna Italian Subs,30.21296669,-97.73136654,TRUE,8.6
365,3321,Umi Sushi Bar & Grill,30.20038899,-97.76352525,TRUE,8.4
366,972,Vic's BBQ,30.21653083,-97.73482481,TRUE,8.3
367,549,Chuy's Panadería Bakery,30.19054189,-97.77343428,TRUE,8.9
368,862,Pho Please,30.24312669,-97.72811528,TRUE,8.2
369,2245,Krispy Kreme Doughnuts,30.19973831,-97.76674761,TRUE,7.7
370,2918,Hai Ky,30.23078527,-97.73496803,TRUE,8.3
371,429,P. Terry's Burger Stand,30.23223513,-97.73635775,TRUE,8
372,753,Chipotle Mexican Grill,30.24208741,-97.72739928,TRUE,7.7
373,3687,Waffle House,30.21851778,-97.68825,TRUE,8.1
374,6429,Justine's Brasserie,30.25319169,-97.70063281,TRUE,8.5
375,1776,Launderette,30.25204843,-97.7227269,TRUE,8.3
376,1290,Jacoby's Restaurant & Mercantile,30.2514882,-97.70732244,TRUE,9.1
377,414,Mod Pizza,30.24330254,-97.72819484,TRUE,8.2
378,559,Rosita's Al Pastor,30.24224009,-97.72939879,TRUE,9.2
379,1255,Al Pastor Taco Truck,30.24502292,-97.7516094,TRUE,7.6
380,1198,Taco More,30.24025351,-97.72800921,TRUE,7.8
381,4367,Chili's Grill & Bar,30.198598,-97.76504,TRUE,9.1
382,3248,El Taquito Austin,30.24372644,-97.73019437,TRUE,8.7
383,2066,Thundercloud Subs,30.240135,-97.72743724,TRUE,9.1
384,5844,Buffalo Wild Wings,30.19684678,-97.76772022,TRUE,9.3
385,1568,Sawyer & Co.,30.25152019,-97.70179251,TRUE,9
386,162,Bombay Dhaba,30.24889278,-97.74071806,TRUE,8.9
387,198,Dan's Hamburgers,30.25837,-97.693808,TRUE,8.8
388,198,Mr Catfish,30.2714144,-97.69794885,TRUE,8.5
389,6999,Contigo Austin,30.28792632,-97.70335654,TRUE,8.7
390,307,Eden East at Springdale Farm,30.25769566,-97.70034313,TRUE,9.4
391,93,Grizzelda's,30.252169,-97.708259,TRUE,8.2
392,305,Unit-D Pizzeria,30.28486005,-97.71716924,TRUE,9.3
393,1020,Dai Due Butcher Shop & Supper Club,30.28482635,-97.71677971,TRUE,9.1
394,909,Patrizi's,30.283858,-97.71725,TRUE,8.4
395,6824,El Chilito,30.2842587,-97.71839422,TRUE,8.7
396,4353,Eastside Cafe,30.28409443,-97.7194941,TRUE,8.5
397,5344,Hoover's Cooking,30.284357,-97.72039533,TRUE,7.4
398,6105,Haymaker,30.28459834,-97.7174556,TRUE,8.6
399,5112,Mi Madre's Restaurant,30.28409125,-97.71903058,TRUE,8
400,91,Abo Youssef,30.284153,-97.719731,TRUE,8.4
401,3536,El Chile Cafe y Cantina,30.2836733,-97.72241931,TRUE,7.9
402,751,Austin Daily Press,30.28009678,-97.72115714,TRUE,8.9
403,502,Elaine's Pork & Pie,30.284089,-97.719446,TRUE,9.3
404,1047,Taco-Mex,30.284805,-97.715021,TRUE,8.5
405,230,Stonehouse Woodfire Grill,30.29659288,-97.70778903,TRUE,9.3
406,4732,Star Seeds Cafe,30.28865755,-97.72309782,TRUE,8.4
407,1264,Pok-e-Jo's,30.29835182,-97.71879673,TRUE,8.2
408,248,Jersey Mike's Subs,30.29984108,-97.72139117,TRUE,7.9
409,360,La Fruta Feliz,30.28686055,-97.70457598,TRUE,7.9
410,5527,Mother's Cafe & Garden,30.304384,-97.72605206,TRUE,8.6
411,6672,Quack's 43rd St Bakery,30.30473361,-97.72657191,TRUE,7.8
412,11567,Franklin Barbecue,30.27008516,-97.73127437,TRUE,9.2
413,437,SH Donuts,30.30059886,-97.68524773,TRUE,8.8
414,2840,Torchy's Tacos,30.30330436,-97.69891903,TRUE,8.9
415,1691,Café Mueller by H-E-B,30.30115525,-97.69862744,TRUE,7.9
416,2738,Paco's Tacos,30.30740371,-97.70584846,TRUE,8
417,1255,Xian Sushi & Noodle,30.30196447,-97.69866943,TRUE,7.5
418,559,MOD Pizza,30.30309135,-97.69900915,TRUE,8.8
419,848,VertsKebap,30.30270843,-97.69920531,TRUE,7.9
420,6192,Amaya's Taco Village,30.31937745,-97.70810008,TRUE,8.3
421,6642,Komé,30.31089973,-97.71525574,TRUE,8.3
422,7269,Pappadeaux Seafood Kitchen,30.32517491,-97.70519257,TRUE,8
423,1786,Tyson's Tacos,30.309656,-97.7152,TRUE,8.1
424,2593,House Pizzeria,30.31281713,-97.7150216,TRUE,8.1
425,290,Bribery Bakery,30.29718965,-97.70441162,TRUE,8
426,2296,Pad Thai,30.30583635,-97.70828247,TRUE,8.3
427,348,Cuban Sandwich Cafe,30.3142029,-97.69003808,TRUE,7.7
428,874,East Side Pies,30.31492663,-97.71533446,TRUE,8.6
429,275,P. Terry's Burger Stand,30.317123,-97.70655,TRUE,8.7
430,196,Taqueria Mi Trailita,30.31557356,-97.65807209,TRUE,7.7
431,117,Hill-Bert's Burgers,30.31195525,-97.70700962,TRUE,8
432,4674,The Omelettry,30.30657736,-97.71542788,TRUE,8.3
433,558,Bullfight,30.30883074,-97.71543521,TRUE,9.3
434,3569,Texas Land & Cattle,30.320853,-97.70620644,TRUE,9.1
435,8411,In-N-Out Burger,30.30443606,-97.71563142,TRUE,8.8
436,1642,Mrs. Johnson's Bakery,30.31009376,-97.715285,TRUE,8.6
437,466,Habesha Restaurant and Bar,30.32122672,-97.70608705,TRUE,9
438,866,The Vegan Nom,30.31547589,-97.71644805,TRUE,8.2
439,368,La Madeline,30.30632615,-97.70897787,TRUE,8.8
440,1880,Biscuits + Groovy,30.31407133,-97.719655,TRUE,9.2
441,1093,Donn's Bar-B-Que,30.26684822,-97.625691,TRUE,8.7
442,1711,Waffle House,30.3291388,-97.65787074,TRUE,8.4
443,4080,"Ken's Subs, Tacos & More",30.35156265,-97.67592479,TRUE,8.8
444,1616,Cho Sun Gal Bi Korean BBQ & Sushi Bar,30.32979296,-97.70655894,TRUE,8.1
445,178,General Store,30.3427551,-97.61275339,TRUE,8.8
446,150,Los Jasmines,30.21375811,-97.65936491,TRUE,7.7
447,437,Hit The Spot Cafe,30.187735,-97.56065369,TRUE,9.2
448,318,Juniper,30.2548532,-97.71734954,TRUE,7.4
449,120,Tacos Guerrero,30.252735,-97.71311,TRUE,8.5
450,100,Scotty's BBQ,30.253228,-97.712997,TRUE,7.3
451,1077,Freebirds World Burrito,30.42236554,-97.84592271,TRUE,8.3
452,5635,Rudy's Country Store & Bar-B-Q,30.41041168,-97.8496027,TRUE,8.1
453,378,Angel Donuts,30.42379028,-97.84535408,TRUE,9.3
454,224,Napa Flats,30.41837296,-97.84738538,TRUE,8.9
455,835,Flores Mexican Restaurant,30.4219822,-97.84658317,TRUE,8.8
456,1302,Whataburger,30.42195847,-97.84638405,TRUE,7.1
457,1443,Thundercloud Subs,30.40307142,-97.85487665,TRUE,7.9
458,650,Schlotzsky's,30.42381365,-97.84541972,TRUE,7.8
459,317,Oasthouse Kitchen + Bar,30.42233938,-97.84651942,TRUE,8.9
460,603,Freddy's Frozen Custard & Steakburgers,30.42321671,-97.84534003,TRUE,7.7
461,339,Chicken Express,30.42131658,-97.84610504,TRUE,8.8
462,1112,Black Walnut Café - Four Points,30.39505086,-97.84749985,TRUE,8.9
463,16209,The Oasis on Lake Travis,30.40532937,-97.87432575,TRUE,8.6
464,877,Hunan Riverplace,30.3928622,-97.84482837,TRUE,8.4
465,1214,Boat House Grill,30.40189875,-97.85546064,TRUE,9
466,3009,Tomodachi Sushi,30.42549255,-97.71695137,TRUE,9
467,3043,Thai Cuisine,30.425602,-97.7170057,TRUE,8.3
468,2033,Thundercloud Subs,30.42210649,-97.70236015,TRUE,8.1
469,290,sushi junai 2,30.422111,-97.701802,TRUE,9.1
470,15229,Tacodeli,30.40778386,-97.71334648,TRUE,7.8
471,4789,Chick-fil-A North Mopac & Parmer Lane,30.41906328,-97.70342305,TRUE,8.6
472,12444,Opal Divine's Marina,30.42367001,-97.70199001,TRUE,7.8
473,3013,Fleming's Prime Steakhouse & Wine Bar,30.403053,-97.725644,TRUE,8.8
474,9005,NoRTH,30.40230591,-97.72600383,TRUE,8.6
475,17012,Chuy's,30.41842426,-97.74774313,TRUE,7.6
476,19221,Rudy's Country Store & Bar-B-Q,30.41414279,-97.74679363,TRUE,8.9
477,816,Yard House,30.40440568,-97.72147533,TRUE,8.1
478,213,Flower Child,30.403815,-97.721784,TRUE,8.9
479,136,Whole Foods Express,30.4272433,-97.74366752,TRUE,8.2
480,1793,Shake Shack,30.399056,-97.725793,TRUE,7.7
481,898,Odaku Sushi,30.41838201,-97.70243933,TRUE,8.3
482,11636,Kona Grill,30.40151704,-97.72729933,TRUE,7.9
483,4932,P. Terry's Burger Stand,30.41462924,-97.70528114,TRUE,8.4
484,1338,P. Terry's Burger Stand,30.42492187,-97.75192774,TRUE,7.5
485,5471,California Pizza Kitchen,30.40038452,-97.72676473,TRUE,8.4
486,551,Biryani Pot,30.41738528,-97.70403518,TRUE,8.9
487,6316,Roaring Fork,30.40091941,-97.73780586,TRUE,8.3
488,105,Pappadeaux Seafood Kitchen,30.414726,-97.745244,TRUE,8.6
489,3265,Pok-e-Jo's,30.41619004,-97.69743461,TRUE,8.9
490,7936,Maggiano's Little Italy,30.39513031,-97.72724017,TRUE,8
491,10903,Gloria's Latin Cuisine,30.40018682,-97.72604406,TRUE,8.5
492,358,Mangia Pizza,30.407593,-97.713465,TRUE,8.3
493,1874,The Original Pancake House,30.41426486,-97.68934513,TRUE,7.9
494,344,Culinary Dropout,30.40339,-97.721863,TRUE,7.6
495,661,Garbo's,30.44641248,-97.6859845,TRUE,8.2
496,790,Ramos Restaurant #3,30.45009071,-97.69487408,TRUE,8.4
497,868,Inka Chicken,30.43877179,-97.67127173,TRUE,8.4
498,2685,Deckhand Oyster Bar,30.47815889,-97.67949693,TRUE,8.4
499,3838,Texas Roadhouse,30.44922996,-97.66593238,TRUE,8.2
500,423,Branch Bar B Que,30.43566365,-97.67397,TRUE,8
501,1652,Pho Hoang - North,30.47933522,-97.678179,TRUE,8
502,1728,Fish Daddy's Seafood Grill,30.44382626,-97.66685744,TRUE,8.2
503,1498,Crawfish Shack & Oyster Bar North,30.43524299,-97.6829195,TRUE,8.1
504,262,Veracruz All Natural,30.48041814,-97.6849509,TRUE,9.3
505,3759,Sushi Nini,30.47899402,-97.67197126,TRUE,9
506,3947,Jason's Deli,30.47896866,-97.672446,TRUE,8.3
507,499,China Wall Restaurant,30.48985793,-97.68016474,TRUE,8.5
508,239,Tiff's Treats,30.47905662,-97.67209844,TRUE,8.4
509,1734,Tokyo Steakhouse And Sushi Bar,30.48168722,-97.68275124,TRUE,8.2
510,2415,LongHorn Steakhouse,30.48071738,-97.68120887,TRUE,8.5
511,3879,Chick-fil-A Round Rock,30.48138711,-97.67185794,TRUE,8.9
512,189,La Patisserie,30.44911493,-97.65531166,TRUE,9.2
513,2254,Pho Viet,30.48191541,-97.65783895,TRUE,8.5
514,4011,Chipotle Mexican Grill,30.48325937,-97.68210411,TRUE,8.7
515,1020,Taste Of Ethiopia,30.45802686,-97.650983,TRUE,8.1
516,4537,Freebirds World Burrito,30.4178275,-97.67032117,TRUE,9
517,5634,Jardin Corona,30.44628825,-97.7791503,TRUE,7.9
518,4830,Asia Cafe,30.4324884,-97.771338,TRUE,7.9
519,492,Shandeez Grill,30.454018,-97.77289135,TRUE,8.8
520,237,Soup Peddler Real Food & Juice Bar,30.44351468,-97.78400158,TRUE,8.9
521,1119,DoubleDave's Pizzaworks,30.44615788,-97.78634548,TRUE,7.9
522,952,Chen's Noodle House,30.43239777,-97.77105142,TRUE,7.6
523,2186,Midori Sushi,30.44867368,-97.7880621,TRUE,8.9
524,1854,Reale's Pizza & Cafe,30.44666232,-97.79110926,TRUE,7.8
525,2870,Krispy Kreme Doughnuts,30.42997335,-97.76275183,TRUE,8.9
526,3679,Texas Roadhouse,30.446957,-97.788795,TRUE,8
527,763,Jimmy John's,30.44754265,-97.78913454,TRUE,9
528,1272,Phil's Icehouse,30.44380155,-97.78452176,TRUE,8.8
529,1117,China Cafe,30.45909315,-97.79109864,TRUE,7.9
530,2655,The Melting Pot,30.44621,-97.78661,TRUE,8.2
531,392,Nan King Restaurant,30.4467828,-97.79156579,TRUE,8
532,837,Brooklyn Pie Company,30.44542699,-97.74448448,TRUE,8
533,1657,Siena Ristorante Toscana,30.36023365,-97.78901245,TRUE,8.2
534,6890,Maudie's Milagro,30.33697715,-97.80345529,TRUE,7.8
535,15746,Torchy's Tacos,30.37077675,-97.75626248,TRUE,8.2
536,1427,Lakeside Pizza And Grill,30.37002419,-97.89299011,TRUE,8.3
537,2209,Eddie V's Prime Seafood,30.38960921,-97.75304317,TRUE,8.9
538,287,360 Pizza,30.361504,-97.78944,TRUE,7.6
539,1888,Austin Terrier,30.35738512,-97.74846862,TRUE,8.2
540,1498,Suzi's China Grill & Sushi Bar,30.36082998,-97.74139176,TRUE,9
541,2025,Taqueria Arandas No. 3,30.34159496,-97.73908424,TRUE,9
542,1193,Hai Ky,30.36511131,-97.74923258,TRUE,8.1
543,3216,Zen Japanese Food Fast,30.3602224,-97.73730604,TRUE,8.4
544,249,Barley Swine,30.34144495,-97.73843179,TRUE,7.8
545,345,Hot Rod Coffee Trailer,30.34176131,-97.73894632,TRUE,9
546,4251,Tarka Indian Kitchen,30.3571375,-97.73539767,TRUE,9.2
547,2203,Chinatown,30.356671,-97.747447,TRUE,7.8
548,526,Bert's Bar-B-Q,30.35269429,-97.75390148,TRUE,8.3
549,223,Troy,30.3717585,-97.75667103,TRUE,8.2
550,1279,Hudson's on the Bend,30.39616941,-97.93167831,TRUE,7.9
551,460,Sandeez Hamburger Hut,30.366613,-97.950293,TRUE,7.6
552,180,Sundancer Grill,30.38149307,-97.9595923,TRUE,7.8
553,1057,Santa Catarina,30.34991002,-97.96408338,TRUE,9
554,2185,Fore,30.35593462,-97.96094656,TRUE,7.9
555,2156,The League Kitchen & Tavern,30.34937538,-97.96414192,TRUE,8.5
556,117,Don Mario Mexican Restaurant,30.38134196,-97.94467901,TRUE,8.5
557,62,Torchy's Tacos,30.346838,-97.967111,TRUE,8.3
558,123,Firehouse Subs,30.35648752,-97.95999895,TRUE,9.2
559,1967,Chick-fil-A Lake Travis,30.319003,-97.952617,TRUE,8.1
560,79,MOD Pizza,30.346627,-97.966053,TRUE,8.2
561,423,Tadashi,30.30946235,-97.94105624,TRUE,8.8
562,643,VertsKebap,30.30868113,-97.94056864,TRUE,7.7
563,208,Einstein Bros Bagels,30.30572853,-97.93637517,TRUE,7.7
564,1979,Mandola's Italian Market,30.30523529,-97.94190739,TRUE,8.6
565,1027,Mimi's Cafe,30.30680893,-97.938416,TRUE,7.8
566,884,Buenos Aires Cafe,30.309274,-97.939047,TRUE,7.6
567,329,Bee Cave Coffee Co,30.30959687,-97.93961463,TRUE,8.6
568,1765,Tony C's Coal Fire Pizza,30.30925136,-97.94091261,TRUE,9.1
569,251,Simply Pho House,30.30730827,-97.94529613,TRUE,8.4
570,9417,Jack Allen's Kitchen,30.2435714,-97.88269043,TRUE,7.9
571,383,Hasler Brothers Steak House,30.309035,-97.941145,TRUE,7.6
572,905,Chisos Grill,30.30839073,-97.93834327,TRUE,8.1
573,45,Boss Hogs Kitchen,30.3202593,-97.95265402,TRUE,8
574,372,The Donut Hole,30.34069752,-97.97007548,TRUE,8.7
575,272,Thai Spice,30.34242545,-97.97071942,TRUE,7.6
576,718,Cho Sushi,30.34026035,-97.97042672,TRUE,8.5
577,1776,P. Terry's Burger Stand,30.3293561,-97.96506643,TRUE,8.5
578,669,Thundercloud Subs,30.33862442,-97.97119307,TRUE,7.6
579,28,Raising Cane's Chicken Fingers,30.346785,-97.964897,TRUE,9.3
580,611,Pao's Mandarin House,30.33815981,-97.97132611,TRUE,9
581,783,Chi-Town,30.38370651,-97.94263619,TRUE,9.4
582,451,Cafe Lago,30.363802,-97.982364,TRUE,8.5
583,444,Lucy's Fried Chicken,30.39200947,-97.94005083,TRUE,9.4
584,205,Little Greek Restaurant,30.340451,-97.97025,TRUE,7.8
585,1325,Via 313 Pizzeria,30.23297788,-97.86556237,TRUE,8.9
586,586,Tucci's Southside Subs,30.23400578,-97.87796974,TRUE,8.8
587,1559,Hecho en Mexico,30.22858118,-97.86318704,TRUE,8.3
588,12713,Torchy's Tacos,30.22235905,-97.840366,TRUE,8.8
589,1792,Austin Pizza Garden,30.2358367,-97.85900515,TRUE,8.9
590,11189,Kerbey Lane Cafe,30.22288181,-97.8414917,TRUE,8.2
591,3649,Panera Bread,30.22340095,-97.84406662,TRUE,7.6
592,2906,Cypress Grill,30.22355831,-97.83899716,TRUE,8
593,1304,Donut Tacos Palace,30.23723537,-97.84004364,TRUE,8.9
594,6017,P. Terry's Burger Stand,30.22246695,-97.83818454,TRUE,8.7
595,893,The Cheesecake Factory,30.25743337,-97.80783289,TRUE,8.5
596,6827,Tarka Indian Kitchen,30.23092828,-97.81754494,TRUE,8.5
597,10930,Chuy's,30.21761602,-97.84157753,TRUE,8.3
598,716,Milano Cafe,30.23953023,-97.83200741,TRUE,8.5
599,1851,Cafe Bistro,30.25891299,-97.80850723,TRUE,9.3
600,757,Larry's Giant Subs,30.23615628,-97.82149315,TRUE,8.1
601,5508,Mighty Fine Burgers,30.22716932,-97.82098353,TRUE,8.2
602,1265,Stanley's Farmhouse Pizza,30.2302849,-97.99961222,TRUE,7.9
603,1987,Pieous,30.21085423,-97.9681703,TRUE,7.7
604,389,Gordo’s Tortas & BBQ,30.23003055,-97.93522614,TRUE,9.3
605,1365,All Star Burger,30.30951356,-97.94248223,TRUE,7.7
606,1172,District Kitchen + Cocktails,30.20158927,-97.87954497,TRUE,8.2
607,4701,Nutty Brown Cafe,30.20865982,-97.97249079,TRUE,9.1
608,584,Graceland Grocery,30.23441531,-97.91159144,TRUE,8.5
609,2097,Satellite Bistro & Bar,30.20173451,-97.87870519,TRUE,7.3
610,198,Sweet Caroline's Snow Shack,30.20149699,-97.8699519,TRUE,8.9
611,450,JuiceLand,30.18528853,-97.84727913,TRUE,8.8
612,819,Tino's Greek Cafe,30.18481206,-97.84751594,TRUE,9
613,1220,Mangieri's Pizza Café,30.20114934,-97.87899971,TRUE,7.5
614,3617,Evangeline Café,30.20212747,-97.83862532,TRUE,8.1
615,4449,Galaxy Cafe,30.18333977,-97.8479804,TRUE,8.7
616,766,SONIC Drive In,30.21264365,-97.96652593,TRUE,8.2
617,1619,Valentina's Tex Mex BBQ,30.20675594,-97.8353585,TRUE,8
618,1303,Cafe Malta,30.21303959,-97.83047714,TRUE,8
619,2710,Trudy's Four Star,30.20434553,-97.98423819,TRUE,8
620,1674,Bush's Chicken,30.18583488,-97.84774133,TRUE,8.5
621,1498,Crema Bakery,30.19331812,-97.84300256,TRUE,8.1
622,1611,Shipley Donuts,30.20089894,-97.83838097,TRUE,7.8
623,1368,Angel's Icehouse,30.36435899,-98.07079911,TRUE,8.3
624,349,La Cabana Grill,30.35202926,-98.06430631,TRUE,7.3
625,134,Papa Murphy's,30.34066035,-97.9674572,TRUE,7.9
626,628,Verde's Mexican Parrilla,30.29813397,-98.00747617,TRUE,8.9
627,155,Madam Mam's,30.18356457,-97.84828854,TRUE,9
628,2185,Mi Ranchito Taqueria,30.14030924,-97.83335599,TRUE,8.9
629,1555,Thundercloud Subs,30.17142371,-97.82307342,TRUE,8.8
630,362,Independence Fine Foods,30.1711173,-97.82435335,TRUE,8.2
631,6160,Maudie's Hacienda,30.18322386,-97.8477037,TRUE,8.9
632,1754,Macho Taco,30.14268107,-97.83325507,TRUE,9.2
633,58,Biscuits + Groovy,30.17006776,-97.82542617,TRUE,8.3
634,2766,Texican Cafe Manchaca,30.14538696,-97.83398151,TRUE,8.5
635,339,Tacos Ricos,30.2303592,-97.73008299,TRUE,9
636,217,Vegan Nom Truck,30.24159882,-97.72686361,TRUE,7.7
637,391,Cow Bells,30.24587583,-97.73103769,TRUE,8.1
638,227,Break Point at The Boardwalk,30.24433837,-97.72402623,TRUE,8.8
639,3726,Chick-fil-A I-35/Slaughter,30.16692303,-97.7926594,TRUE,8.4
640,5660,Texas Roadhouse,30.163288,-97.78919,TRUE,7.7
641,1752,DoubleDave's Pizzaworks,30.16256564,-97.7910769,TRUE,8
642,2166,Chipotle Mexican Grill,30.15859767,-97.79098034,TRUE,9
643,6993,Cabo Bob's,30.220843,-97.75682509,TRUE,8.1
644,79,Nothing Bundt Cakes - Austin-South,30.15917625,-97.79139332,TRUE,8.2
645,1741,Haiku Japanese Restaurant,30.16113941,-97.79162407,TRUE,8
646,1505,LongHorn Steakhouse,30.15576288,-97.7918206,TRUE,7.8
647,1214,1st Wok,30.20793661,-97.78132439,TRUE,8.4
648,1024,PhoNatic Southpark Meadows,30.15567507,-97.79263811,TRUE,7.7
649,1252,Panda Express,30.16805931,-97.79488564,TRUE,8.6
650,992,Taquerias Arandinas,30.19766988,-97.78781278,TRUE,8.4
651,3466,Jason's Deli,30.16123218,-97.79291153,TRUE,7.9
652,5593,Chick-fil-A I-35/Ben White,30.22037923,-97.75708227,TRUE,7.9
653,188,Tortilleria Rio Grande No. 2,30.19614792,-97.78502655,TRUE,8
654,3067,Chili's Grill & Bar,30.15755,-97.791306,TRUE,7.6
655,340,Kesos Taco House,30.21417713,-97.76983614,TRUE,7.6
656,455,Chief's BBQ & Grill,30.18424257,-97.79195,TRUE,8.7
657,4089,Casa Garcia's Mexican Restaurant,30.2021005,-97.80630902,TRUE,7.5
658,90,Taqueria Morales,30.20045485,-97.79984222,TRUE,8.6
659,1530,Cherry Creek Catfish Co. South Austin,30.21478654,-97.79931131,TRUE,7.9
660,1231,Taqueria Arandas,30.21648415,-97.79884942,TRUE,8.4
661,193,Belly Up!,30.19755049,-97.81089136,TRUE,7.3
662,145,Milano Pizza,30.21013378,-97.78679361,TRUE,8.5
663,1090,DK Sushi,30.20028805,-97.78585938,TRUE,7.8
664,355,Taiwan Chinese Restaurant,30.19670493,-97.78530735,TRUE,8.9
665,221,Super Bowl,30.19691658,-97.78842854,TRUE,9
666,710,Pollo Rico,30.208868,-97.78163,TRUE,7.6
667,568,Tuk Tuk Thai Cafe,30.21586464,-97.79668867,TRUE,8.4
668,456,China Hill,30.20830929,-97.817391,TRUE,9.2
669,781,Hao Hao Restaurant,30.20149956,-97.80553913,TRUE,8.9
670,857,Full English Cafe,30.21876561,-97.7959156,TRUE,8.3
671,2419,Live Oak Market,30.229198,-97.789183,TRUE,8
672,2031,La Posada Mexican Restaurant,30.20829259,-97.81529875,TRUE,7.6
673,194,La Flor,30.214472,-97.776641,TRUE,9.4
674,936,Veracruz All Natural,30.231547,-97.78795,TRUE,8.5
675,470,Marye's Gourmet Pizza Pub,30.27852313,-97.80731254,TRUE,8.3
676,502,Raising Cane's Chicken Fingers,30.27382,-97.800663,TRUE,8
677,3510,Chick-fil-A Village at Westlake,30.29185999,-97.82727166,TRUE,8.5
678,14368,Tacodeli,30.25843898,-97.78764279,TRUE,8
679,172,Nothing Bundt Cakes - Austin-Westlake,30.27044394,-97.78824989,TRUE,8
680,1114,Jimmy John's,30.29628038,-97.83184648,TRUE,8.6
681,367,Chinatown,30.27155055,-97.7866556,TRUE,9.1
682,2792,Chili's Grill & Bar,30.08438,-97.823431,TRUE,7.6
683,841,Likkity's Frozen Custard,30.16207744,-97.81669537,TRUE,8.6
684,1954,Dan's Hamburgers,30.085945,-97.8224802,TRUE,7.7
685,282,Craigo's,30.13725927,-97.79613018,TRUE,9
686,1013,Jersey Mike's Subs,30.16595261,-97.7928523,TRUE,8.9
687,468,Papa Murphy's,30.17473756,-97.82428265,TRUE,7.3
688,690,Donut Taco Palace II,30.17117588,-97.82432556,TRUE,8.1
689,396,China Dynasty,30.17471744,-97.82706199,TRUE,7.3
690,308,Domino's Pizza,30.1718729,-97.8241356,TRUE,7.9
691,524,Popeye's Louisiana Kitchen #3284,30.17507896,-97.82363106,TRUE,8.8
692,456,Shogun,30.17141082,-97.82432148,TRUE,8.9
693,620,KC Donuts,30.20228477,-97.83834378,TRUE,9.2
694,752,Yaghi's Pizzeria,30.22221582,-97.83782852,TRUE,9
695,3587,Mandola's Italian Market,30.22021186,-97.84011841,TRUE,8.2
696,595,Einstein Bros Bagels,30.21955951,-97.83556231,TRUE,7.9
697,2141,Wholy Bagel,30.22361468,-97.83895998,TRUE,7.9
698,683,Happy Trails Saloon,30.22017502,-97.84162667,TRUE,9.2
699,120,Me Con Bistro,30.21273397,-97.82995663,TRUE,9.2
700,2374,Firehouse Subs,30.22166624,-97.84096302,TRUE,7.7
701,1074,Jersey Mike's Subs,30.223743,-97.839,TRUE,8.7
702,1772,Twin Lion Chinese Restaurant,30.40013723,-97.74785852,TRUE,8.3
703,6276,Hyde Park Bar & Grill,30.304229,-97.72665098,TRUE,8.1
704,2937,Foreign & Domestic,30.31706207,-97.71965504,TRUE,8.7
705,1510,Asti Trattoria,30.30482505,-97.7261158,TRUE,9.2
706,451,Avenue B Grocery & Market,30.30911526,-97.73159461,TRUE,7.7
707,8240,Mandola's Italian Market,30.31593215,-97.73370981,TRUE,9.1
708,2211,Snap Kitchen,30.31520973,-97.73351669,TRUE,7.6
709,233,Hopdoddy Burger Bar,30.315231,-97.734829,TRUE,8.7
710,447,Sala and Betty,30.31318401,-97.71486252,TRUE,8.6
711,1849,New World Deli,30.30653389,-97.73564698,TRUE,8.2
712,6356,Titaya's Thai Cuisine,30.32356351,-97.72736907,TRUE,8.4
713,1646,Maoz Vegetarian,30.31506336,-97.73534994,TRUE,8.7
714,2178,Julio's,30.304604,-97.72633765,TRUE,8
715,1062,Burger Tex,30.316757,-97.71416724,TRUE,8.4
716,1667,Phara's Mediterranean Cuisine & Christopher's Casbah,30.317336,-97.72210658,TRUE,8.6
717,369,Bun Belly,30.3111921,-97.71508523,TRUE,8.4
718,2489,Dan's Hamburgers,30.32483701,-97.72736746,TRUE,8
719,7858,Pappasito's Cantina,30.32705382,-97.70483047,TRUE,8.8
720,1808,Arpeggio Grill,30.33112228,-97.715218,TRUE,8.7
721,482,Vivo Restaurant,30.32537402,-97.70856678,TRUE,7.7
722,5590,Stiles Switch BBQ & Brew,30.33453033,-97.72134805,TRUE,9.2
723,5030,Michi Ramen,30.33353799,-97.72139048,TRUE,8.5
724,4302,Threadgill's,30.33238872,-97.72257841,TRUE,8.3
725,391,Lima Criolla - Peruvian Cuisine and Pisco Bar,30.32628621,-97.7076602,TRUE,8.3
726,2286,Red Lobster,30.34374465,-97.70582195,TRUE,8
727,1058,Taj Palace Indian Restaurant & Bar,30.32883138,-97.70728003,TRUE,9.5
728,348,Verona Ristorante Italiano,30.32409873,-97.70773071,TRUE,8.3
729,475,P. Terry's Burger Stand,30.32821157,-97.72528315,TRUE,7.8
730,5846,Pho Saigon,30.37809475,-97.68717183,TRUE,8.9
731,742,Santorini Cafe,30.38766687,-97.68406573,TRUE,7.5
732,1485,Korean Grill,30.3788876,-97.687086,TRUE,8.2
733,824,New Fortune Chinese Seafood Restaurant,30.37781914,-97.68806765,TRUE,7.7
734,871,Vazquez Restaurant,30.3756064,-97.67293047,TRUE,7.4
735,2029,First Chinese BBQ,30.37872548,-97.68650926,TRUE,8.4
736,10578,Chuy's,30.37505966,-97.69060135,TRUE,7.9
737,1513,Baguette House & Cafe,30.37725797,-97.68669605,TRUE,7.8
738,1438,Rice Bowl Cafe,30.382523,-97.68843412,TRUE,8.2
739,827,Ross' Cafe,30.38841426,-97.683791,TRUE,7.4
740,291,Peace Bakery - Deli,30.38207302,-97.68721424,TRUE,8.2
741,893,Thanh Nhi,30.361131,-97.69850021,TRUE,7.1
742,1496,TC Noodle House,30.37903926,-97.68709762,TRUE,7.7
743,525,El Tacorrido,30.36289239,-97.69760956,TRUE,8.7
744,3969,Maudie's North Lamar,30.37109156,-97.69175703,TRUE,9.2
745,3040,Pho Danh House of Noodle,30.38190896,-97.68755436,TRUE,8.7
746,826,Swad Indian Restaurant,30.36417743,-97.6952623,TRUE,8.4
747,433,Tropicana Cuban Restaurant,30.36683527,-97.69610397,TRUE,9
748,157,Brooklyn Pie Co,30.40091137,-97.65782306,TRUE,9.5
749,278,Zaytoyna Lounge,30.38844069,-97.68403393,TRUE,8
750,179,In-N-Out Burger,30.40476,-97.674369,TRUE,8.9
751,14,Oakwood BBQ,30.37794,-97.679634,TRUE,8.8
752,1238,French Quarter Grille,30.41213094,-97.67587179,TRUE,8.6
753,374,Wingstop,30.36662054,-97.696025,TRUE,8.3
754,177,Jersey Mike's Subs,30.41373681,-97.6720182,TRUE,8.2
755,3731,Chick-fil-A I-35/Parmer Lane,30.414194,-97.6721606,TRUE,8.6
756,647,Chang Thai,30.411492,-97.67558115,TRUE,9.1
757,3053,Ho Ho Chinese BBQ,30.41018961,-97.67575264,TRUE,8.7
758,978,Bombay Express,30.41110105,-97.676098,TRUE,9.3
759,2685,Blue Star Cafeteria,30.318569,-97.7397716,TRUE,8.2
760,301,Picnik,30.3189329,-97.73878455,TRUE,8.5
761,1559,Gusto Italian Kitchen + Wine Bar,30.31830123,-97.7398428,TRUE,8.4
762,4254,Billy's On Burnet,30.32203709,-97.73982158,TRUE,9.5
763,6677,Galaxy Cafe,30.31543391,-97.73377989,TRUE,9
764,1995,D K Sushi and Seoul Asian Food Market,30.32525619,-97.72714471,TRUE,8.8
765,2727,Lucy's Fried Chicken,30.32872079,-97.74013455,TRUE,8.2
766,1329,Kiefer's Cafe & Catering,30.38831733,-97.7098145,TRUE,7.5
767,886,Andiamo Ristorante Italiano,30.38270985,-97.72330497,TRUE,9.1
768,1437,Pho Hong,30.38261278,-97.72329436,TRUE,8.6
769,298,Jimmy John's,30.39077652,-97.72206399,TRUE,9.2
770,1075,Slab BBQ,30.37133264,-97.72472098,TRUE,8.5
771,483,Central Donut,30.39290385,-97.70691991,TRUE,8.8
772,15939,Pluckers Wing Bar,30.37280114,-97.72768021,TRUE,8.6
773,1354,Vasquez Taco,30.37425257,-97.7272773,TRUE,7.7
774,938,Madras Pavilion,30.37287302,-97.72461491,TRUE,8.4
775,20780,Trudy's North Star,30.37061893,-97.72754073,TRUE,9
776,658,Black Walnut Cafe - Austin Commons,30.39563709,-97.72007529,TRUE,8.3
777,2607,DoubleDave's Pizzaworks,30.40035009,-97.70388051,TRUE,8.3
778,8982,Mighty Fine Burgers,30.38988685,-97.73302317,TRUE,8.7
779,6376,Freebirds World Burrito,30.39555752,-97.71966174,TRUE,8.3
780,5263,P.F. Chang's,30.39565,-97.75086,TRUE,8.5
781,4491,la Madeleine Country French Café,30.39568813,-97.7471709,TRUE,8.3
782,282,Modern Market,30.39506652,-97.74952968,TRUE,7.8
783,1608,Pok-E-Jo's,30.394994,-97.748143,TRUE,8
784,4881,Newk's Express Cafe,30.39511275,-97.75090908,TRUE,7.8
785,5145,Fire Bowl Cafe,30.39525445,-97.74943829,TRUE,8.2
786,2769,Truluck's Seafood Steak & Crab,30.39534699,-97.74538279,TRUE,7.8
787,748,Snap Kitchen,30.39235726,-97.74508395,TRUE,8.9
788,4473,Jason's Deli,30.39470443,-97.74476565,TRUE,7.6
789,2230,Jersey Mike's Subs,30.39235218,-97.74514727,TRUE,7.6
790,7292,Chick-fil-A Braker Lane,30.40103764,-97.74503643,TRUE,7.8
791,3263,Einstein Bros Bagels,30.39987583,-97.7450853,TRUE,8
792,3109,Manuel's,30.396713,-97.749397,TRUE,7.4
793,2501,Estancia Churrascaria Brazilian Steakhouse,30.39319654,-97.74752429,TRUE,7.4
794,2030,Bombay Bistro - Research Blvd,30.39885381,-97.74723781,TRUE,8.6
795,2448,Corner Bakery Cafe,30.39400519,-97.75063851,TRUE,7.3
796,6740,Z'Tejas Mexican Restaurant and Grill,30.38919897,-97.75298747,TRUE,8.3
797,2236,Romano's Macaroni Grill,30.394568,-97.747606,TRUE,9.1
798,447,Hanabi,30.38672816,-97.7418798,TRUE,8.2
799,2522,Zoës Kitchen,30.3930351,-97.74944767,TRUE,7.6
800,1852,Brick Oven Restaurant,30.3989181,-97.74908403,TRUE,7.8
801,1901,Jimmy John's,30.40130652,-97.74652004,TRUE,9.1
802,6805,Panera Bread,30.390193,-97.73996,TRUE,8.7
803,2829,Saltgrass Steak House,30.39770319,-97.74707335,TRUE,9.1
804,1864,BRIO Tuscan Grille,30.39328328,-97.74807572,TRUE,9.3
805,1462,Texadelphia,30.39490266,-97.74899915,TRUE,8.9
806,1497,Bill Miller Bar-B-Q,30.329266,-97.659006,TRUE,6.5
807,224,Short Shop,30.31913976,-97.68908539,TRUE,6.3
808,1202,Luby's,30.33448767,-97.68835251,TRUE,8.3
809,818,Taco Shack,30.33097074,-97.6670694,TRUE,8.1
810,990,Subs n More,30.33074356,-97.68026544,TRUE,8.4
811,187,Mama Jacks,30.44290066,-97.626452,TRUE,8.2
812,791,SUBWAY,30.34094995,-97.69197437,TRUE,7.9
813,185,El Pollo Regio #8,30.31966925,-97.68896858,TRUE,8.4
814,17,Taco Bell,30.349609,-97.556909,TRUE,7.6
815,268,Quiznos,30.3310056,-97.66678736,TRUE,8
816,474,Papa John's Pizza,30.43736448,-97.6110749,TRUE,8.4
817,91,Subway (Valero),30.2367839,-97.57244369,TRUE,7.5
818,170,McDonalds,30.34975019,-97.55559624,TRUE,7.3
819,975,McDonald's,30.32899217,-97.66028687,TRUE,7.3
820,2,Southern Fusion,30.3397243,-97.5620617,TRUE,7.5
821,32,Tamale Addiction,30.340896,-97.557019,TRUE,8.5
822,2483,Casa Garcias,30.44724005,-97.64777184,TRUE,9.3
823,2979,Rio Grande,30.45022752,-97.65463829,TRUE,9
824,4936,Cheddar's Casual Cafe,30.44452997,-97.66691208,TRUE,8.9
825,427,Lone Star Kolaches,30.44950803,-97.65521269,TRUE,7.4
826,319,China Dragon,30.44953389,-97.65679517,TRUE,7.2
827,1476,Bill Miller Bar-B-Q,30.4388093,-97.67027014,TRUE,7.6
828,481,Chucho's Mexican Restaurant,30.45572239,-97.65973051,TRUE,7.4
829,1643,Ka-Prow Thai & Sushi Bistro,30.42453467,-97.66999988,TRUE,8.2
830,2112,Pita Fusion,30.48229173,-97.65716493,TRUE,9.2
831,2188,Beluga Japanese Restaurant,30.48196494,-97.65764236,TRUE,7.6
832,2922,Whataburger,30.43317087,-97.67098904,TRUE,9.1
833,423,Amigos BBQ & Grill,30.458309,-97.65066862,TRUE,9.1
834,1261,Thundercloud Subs,30.45607272,-97.66120434,TRUE,9.3
835,582,El Faro Tacos & Café,30.43547624,-97.67443026,TRUE,8.9
836,255,Church's Chicken,30.4407221,-97.67023835,TRUE,8.7
837,1539,Pecan Street Station Deli and Grill,30.44306674,-97.62874081,TRUE,9
838,347,Golden Chick,30.44378042,-97.62980745,TRUE,8.5
839,935,Baris Pasta & Pizza,30.44708662,-97.63709344,TRUE,8.1
840,2441,Jim's Restaurant Oak Hill,30.23452294,-97.87641977,TRUE,9.1
841,805,Sweet Treets Bakery,30.23345056,-97.86576962,TRUE,8.9
